question_id,question_text,ideal_answer,keywords_main,keywords_optional
Q1,What is an operating system?,An operating system is system software that manages computer hardware and provides services for application programs.,system software | manages hardware | services for applications | application | applications | computer | hardware | manages | operating | programs | provides | services | software | system,memory management|process management|resource management
Q2,Define 'Data' in ICT.,Data implies raw facts and figures which have no specific meaning until processed.,raw facts figures | no specific meaning | 'data' | data | define | facts | figures | have | ict | implies | meaning | no | processed | raw | specific | until,unprocessed | text numbers
Q3,Define 'Information'.,Information is processed data that conveys a specific meaning and is useful for decision making.,processed data | conveys meaning | decision making | 'information' | conveys | data | decision | define | information | making | meaning | processed | specific | useful,meaningful | context
Q4,What is the 'Von Neumann Architecture'?,"It is a computer architecture design that consists of a Processing Unit, Control Unit, Memory, Input/Output mechanisms, and a bus system.",Processing Unit | Control Unit | Memory | Input Output | 'von | architecture | architecture' | bus | computer | consists | control | design | input | mechanisms | memory | neumann | output | processing | system | unit,stored program concept | CPU
Q5,What is a 'Volatile Memory'?,"Volatile memory is computer storage that only maintains its data while the device is powered (e.g., RAM).",maintains data while powered | loses data no power | 'volatile | computer | data | device | its | loses | maintains | memory | memory' | no | only | power | powered | ram | storage | volatile | while,RAM | temporary storage
Q6,Convert the binary number 1010 to decimal.,The binary number 1010 is equal to 10 in decimal (8 + 0 + 2 + 0).,10 | 10 | 1010 | binary | convert | decimal | equal | number,decimal conversion | binary
Q7,What is 'Two's Complement'?,It is a mathematical operation on binary numbers used to represent signed integers and simplify subtraction operations.,represent signed integers | simplify subtraction | 'two's | binary | complement' | integers | mathematical | numbers | operation | operations | represent | signed | simplify | subtraction | used,binary arithmetic | negative numbers
Q8,What is 'Unicode'?,"Unicode is a computing industry standard for the consistent encoding, representation, and handling of text expressed in most of the world's writing systems.",encoding standard | world's writing systems | 'unicode' | computing | consistent | encoding | expressed | handling | industry | most | representation | standard | systems | text | unicode | world's | writing,text representation | UTF-8
Q9,What is a 'Truth Table' in Logic Gates?,A truth table is a mathematical table used in logic to compute the functional values of logical expressions based on their input combinations.,mathematical table | input combinations | logical expressions | 'truth | based | combinations | compute | expressions | functional | gates | input | logic | logical | mathematical | table | table' | their | truth | used | values,logic gates | output values
Q10,Describe the function of an 'AND' gate.,An AND gate produces a HIGH output (1) only if all its inputs are HIGH (1).,HIGH output if all inputs HIGH | logic 1 | 'and' | all | describe | function | gate | high | if | inputs | its | logic | only | output | produces,multiplication | logic gate
Q11,What is a 'Flip-Flop' in digital circuits?,A flip-flop is a circuit that has two stable states and can be used to store state information (a single bit of data).,two stable states | store state information | 'flip | bit | can | circuit | circuits | data | digital | flip | flop | flop' | has | information | single | stable | state | states | store | two | used,memory element | sequential logic
Q12,What is an 'Operating System' (OS)?,"An OS is system software that manages computer hardware, software resources, and provides common services for computer programs.",system software | manages hardware software | common services | 'operating | common | computer | hardware | manages | os | programs | provides | resources | services | software | system | system',interface | resource management
Q13,What is 'Process Management' in an OS?,"It involves managing the creation, scheduling, and termination of processes (programs in execution) by the CPU.",creation scheduling termination | programs in execution | 'process | cpu | creation | execution | involves | management' | managing | os | processes | programs | scheduling | termination,CPU scheduling | process
Q14,Define 'Context Switching'.,Context switching is the process of storing the state of a process or thread so that it can be restored and resume execution later.,storing state | resume execution | process thread | 'context | can | context | define | execution | later | process | restored | resume | so | state | storing | switching | switching' | thread,CPU | multitasking
Q15,What is 'Virtual Memory'?,Virtual memory is a memory management capability of an OS that uses hardware and software to allow a computer to compensate for physical memory shortages by temporarily transferring data to disk storage.,memory management | compensate shortages | transfer to disk | 'virtual | allow | capability | compensate | computer | data | disk | hardware | management | memory | memory' | os | physical | shortages | software | storage | temporarily | transfer | transferring | uses | virtual,paging | RAM extension
Q16,What is 'Fragmentation' in memory management?,"Fragmentation is a phenomenon where storage space is used inefficiently, reducing capacity or performance (can be internal or external).",storage used inefficiently | reducing capacity | 'fragmentation' | can | capacity | external | fragmentation | inefficiently | internal | management | memory | performance | phenomenon | reducing | space | storage | used,memory holes |internal external
Q17,What is a 'Device Driver'?,A device driver is a computer program that operates or controls a particular type of device that is attached to a computer.,operates controls device | attached to computer | 'device | attached | computer | controls | device | driver | driver' | operates | particular | program | type,hardware interface |software
Q18,What is 'Spooling'?,"Spooling is a process where data is temporarily held to be used and executed by a device, program, or system (common in printing).",temporarily held | executed by device | 'spooling' | common | data | device | executed | held | printing | process | program | spooling | system | temporarily | used,buffer | printing
Q19,Define 'Data Transmission Speed' (Bandwidth).,"It refers to the maximum rate of data transfer across a given path, typically measured in bits per second (bps).","maximum rate | data transfer, bits per second | 'data | across | bandwidth | bits | bps | data | define | given | maximum | measured | path | per | rate | refers | second | speed' | transfer | transmission | typically",bps | capacity
Q20,What is 'Simplex Mode' in transmission?,"In simplex mode, communication is unidirectional; data flows in only one direction (e.g., Radio broadcasting).",unidirectional | one direction | 'simplex | broadcasting | communication | data | direction | flows | mode | mode' | one | only | radio | simplex | transmission | unidirectional,transmission mode| broadcasting
Q21,What is 'Half-Duplex Mode'?,"Data can be transmitted in both directions, but not at the same time (e.g., Walkie-Talkie).",both directions | not same time | 'half | both | but | can | data | directions | duplex | mode' | not | same | talkie | time | transmitted | walkie,bidirectional | walkie-talkie
Q22,What is 'Full-Duplex Mode'?,"Data can be transmitted in both directions simultaneously (e.g., Telephone conversation).",both directions | simultaneously | 'full | both | can | conversation | data | directions | duplex | mode' | simultaneously | telephone | transmitted,bidirectional | telephone
Q23,What is 'Multiplexing'?,Multiplexing is a method by which multiple analog or digital signals are combined into one signal over a shared medium.,combine multiple signals | one signal | shared medium | 'multiplexing' | analog | combine | combined | digital | medium | method | multiple | multiplexing | one | over | shared | signal | signals,MUX | transmission
Q24,What is 'Guided Media'?,"Guided media uses a physical path (cables) to transmit signals, such as twisted pair, coaxial cable, or fiber optics.",physical path | cables | 'guided | cable | cables | coaxial | fiber | guided | media | media' | optics | pair | path | physical | signals | transmit | twisted | uses,wired | transmission medium
Q25,What is 'Fiber Optic' cable?,"A cable containing glass or plastic fibers that transmit data using light pulses, offering high speed and long-distance transmission.",glass plastic fibers | light pulses | high speed | 'fiber | cable | containing | data | distance | fibers | glass | high | light | long | offering | optic' | plastic | pulses | speed | transmission | transmit | using,transmission medium | total internal reflection
Q26,What is the 'OSI Model'?,"The Open Systems Interconnection (OSI) model is a conceptual framework used to describe the functions of a networking system, divided into 7 layers",conceptual framework | networking functions | 7 layers | 'osi | conceptual | describe | divided | framework | functions | interconnection | layers | model | model' | networking | open | osi | system | systems | used,ISO | network architecture
Q27,Name the 7 layers of the OSI model.,"Physical, Data Link, Network, Transport, Session, Presentation, Application.",Physical Data Link Network Transport Session Presentation Application | application | data | layers | link | model | name | network | osi | physical | presentation | session | transport,7 layers | hierarchy
Q28,What is the function of the 'Network Layer'?,It is responsible for determining the path (routing) and logical addressing (IP addressing) of data packets.,routing | logical addressing | IP address | 'network | address | addressing | data | determining | function | ip | layer' | logical | packets | path | responsible | routing,path determination | layer 3
Q29,What is a 'MAC Address'?,A Media Access Control (MAC) address is a unique identifier assigned to a network interface controller (NIC) for use as a network address.,unique identifier | NIC | network address | 'mac | access | address | address' | assigned | control | controller | identifier | interface | mac | media | network | nic | unique | use,physical address | hardware address
Q30,What is an 'IP Address'?,An Internet Protocol (IP) address is a numerical label assigned to each device connected to a computer network that uses the Internet Protocol for communication.,numerical label | device network | communication | 'ip | address | address' | assigned | communication | computer | connected | device | each | internet | ip | label | network | numerical | protocol | uses,logical address |IPv4 IPv6
Q31,What is a 'Router'?,A router is a networking device that forwards data packets between computer networks.,forwards data packets | between networks | 'router' | between | computer | data | device | forwards | networking | networks | packets | router,networking device | routing
Q32,What is 'Packet Switching'?,"A method of grouping data that is transmitted over a digital network into packets, which are sent independently and reassembled at the destination.",grouping data | packets | independent transmission | 'packet | data | destination | digital | grouping | independent | independently | method | network | over | packets | reassembled | sent | switching' | transmission | transmitted,network | efficient
Q33,Define 'Systems Development Life Cycle' (SDLC).,"SDLC is a process for planning, creating, testing, and deploying an information system.",planning creating testing deploying | information system | 'systems | creating | cycle' | define | deploying | development | information | life | planning | process | sdlc | system | testing,software development |  phases
Q34,What is the 'Waterfall Model'?,"It is a linear sequential design approach for software development where progress flows downwards through phases like requirements, analysis, design, implementation, and testing.",linear sequential | flows downwards | phases | 'waterfall | analysis | approach | design | development | downwards | flows | implementation | like | linear | model' | phases | progress | requirements | sequential | software | testing | through,SDLC model | traditional
Q35,What is a 'Feasibility Study'?,"An assessment of the practicality of a proposed project or system (Technical, Economic, Operational).",assessment practicality | proposed project | 'feasibility | assessment | economic | operational | practicality | project | proposed | study' | system | technical,analysis |  TELOS
Q36,What are 'Functional Requirements'?,Requirements that define specific behaviors or functions of the system (what the system should do).,define specific behaviors | functions | what system does | 'functional | behaviors | define | do | does | functions | requirements | requirements' | should | specific | system,requirements analysis | input output
Q37,What are 'Non-Functional Requirements'?,"Requirements that specify criteria that can be used to judge the operation of a system (how the system performs), like security or speed.",judge operation | how system performs | 'non | can | criteria | functional | judge | like | operation | performs | requirements | requirements' | security | specify | speed | system | used,performance | security reliability
Q38,What is a 'Database Management System' (DBMS)?,"A DBMS is software that interacts with end-users, applications, and the database itself to capture and analyze data.",software | interacts users applications database | capture analyze | 'database | analyze | applications | capture | data | database | dbms | end | interacts | itself | management | software | system' | users,software tool |  manage data
Q39,What is an 'ER Diagram' (ERD)?,An Entity-Relationship Diagram shows the relationships of entity sets stored in a database using graphical symbols.,relationships of entity sets | graphical symbols | 'er | database | diagram | diagram' | entity | erd | graphical | relationship | relationships | sets | shows | stored | symbols | using,database design | modeling
Q40,What is an 'Entity' in a database?,"An entity is an object or concept in the real world that is distinguishable from all other objects (e.g., Student, Car).",object concept | real world | distinguishable | 'entity' | all | car | concept | database | distinguishable | entity | object | objects | other | real | student | world,table | record
Q41,What is an 'Attribute' in an ERD?,"An attribute is a property or characteristic of an entity (e.g., Student Name, Age).",property characteristic | of entity | 'attribute' | age | attribute | characteristic | entity | erd | name | property | student,column | field
Q42,Define 'Normalization' in databases.,Normalization is the process of organizing data in a database to reduce redundancy and improve data integrity.,organizing data | reduce redundancy | improve integrity | 'normalization' | data | database | databases | define | improve | integrity | normalization | organizing | process | reduce | redundancy,database design | 1NF 2NF 3NF
Q43,What is 'Data Redundancy'?,"It is the unnecessary repetition of data within a database, which can lead to inconsistencies.",unnecessary repetition | database | 'data | can | data | database | inconsistencies | lead | redundancy' | repetition | unnecessary | within,duplicate data | storage waste
Q44,What is 'SQL' (Structured Query Language)?,"SQL is a standard language for storing, manipulating, and retrieving data in databases.",standard language | storing manipulating retrieving | 'sql' | data | databases | language | manipulating | query | retrieving | sql | standard | storing | structured,database language | queries
Q45,What is a 'Primary Key'?,A primary key is a specific choice of a minimal set of attributes (columns) that uniquely specify a tuple (row) in a relation (table).,minimal set attributes | uniquely specify row | 'primary | attributes | choice | columns | key | key' | minimal | primary | relation | row | set | specific | specify | table | tuple | uniquely,unique identifier | database constraint
Q46,What is a 'Foreign Key'?,"A foreign key is a field in one table that refers to the primary key in another table, creating a link between the two tables.",refers to primary key | link tables | 'foreign | another | between | creating | field | foreign | key | key' | link | one | primary | refers | table | tables | two,relationship | constraint
Q47,What is the 'prototype' model in SDLC?,"A development model where a prototype (an early approximation of a final system or product) is built, tested, and then reworked as necessary.",prototype | early approximation | reworked | 'prototype' | approximation | built | development | early | final | model | necessary | product | prototype | reworked | sdlc | system | tested | then,iterative | user feedback
Q48,What is 'Black Box Testing'?,A software testing method in which the internal structure/design/implementation of the item being tested is not known to the tester.,internal structure not known | testing method | 'black | being | box | design | implementation | internal | item | known | method | not | software | structure | tested | tester | testing | testing',functional testing | input output
Q49,What is 'White Box Testing'?,A testing method where the internal structure/design/implementation of the item being tested is known to the tester.,internal structure known | testing method | 'white | being | box | design | implementation | internal | item | known | method | structure | tested | tester | testing | testing',structural testing |logic coverage
Q50,What is 'Parallel Deployment'?,A deployment method where the new system and the old system run simultaneously for a period of time to ensure the new system works correctly,run simultaneously | new and old system | 'parallel | correctly | deployment | deployment' | ensure | method | new | old | period | run | simultaneously | system | time | works,implementation | safe
Q51,What is 'Direct Cutover' deployment?,"A deployment method where the old system is stopped and the new system is started immediately, usually on a specific date.",old stopped new started | immediately | 'direct | cutover' | date | deployment | immediately | method | new | old | specific | started | stopped | system | usually,implementation | risky
Q52,What is a 'Star Topology'?,A network topology where all devices are connected to a central hub or switch via individual cables.,central hub | connected individually | 'star | all | cables | central | connected | devices | hub | individual | individually | network | switch | topology | topology' | via,switch | reliability
Q53,Describe 'Bus Topology'.,A network setup where each computer and network device is connected to a single cable or backbone.,single cable | backbone | 'bus | backbone | cable | computer | connected | describe | device | each | network | setup | single | topology',terminator | coaxia
Q54,What is 'Ring Topology'?,"A network configuration where device connections create a circular data path, with each networked device connected to two others.",circular data path | connected to two others | 'ring | circular | configuration | connected | connections | create | data | device | each | network | networked | others | path | topology' | two,token passing | unidirectional
Q55,What is 'TCP/IP'?,Transmission Control Protocol/Internet Protocol is the suite of communication protocols used to connect host computers on the Internet.,communication protocols | connect hosts Internet | 'tcp | communication | computers | connect | control | host | hosts | internet | ip' | protocol | protocols | suite | transmission | used,suite | data transmission
Q56,What is the function of 'DNS' (Domain Name System)?,DNS translates human-readable domain names (like www.google.com) into IP addresses that computers use to identify each other.,translates domain names | IP addresses | 'dns' | addresses | com | computers | dns | domain | each | function | google | human | identify | ip | like | name | names | other | readable | system | translates | use | www,mapping |resolution
Q57,What is 'DHCP' (Dynamic Host Configuration Protocol)?,A network management protocol used to automatically assign IP addresses and other communication parameters to devices connected to the network.,automatically assign | IP addresses | 'dhcp' | addresses | assign | automatically | communication | configuration | connected | devices | dynamic | host | ip | management | network | other | parameters | protocol | used,network management |dynamic IP
Q58,Difference between LAN and WAN.,"A LAN (Local Area Network) connects devices within a limited area like a home or office, while a WAN (Wide Area Network) covers a large geographic area.",limited area vs large geographic area | area | between | connects | covers | devices | difference | geographic | home | lan | large | like | limited | local | network | office | vs | wan | while | wide | within,home office vs cities countries
Q59,What is 'Client-Server Architecture'?,A network architecture where tasks are partitioned between service providers (servers) and service requesters (clients).,servers provide | clients request | 'client | architecture | architecture' | between | clients | network | partitioned | provide | providers | request | requesters | server | servers | service | tasks,centralized | distributed
Q60,What is 'Peer-to-Peer' (P2P) network?,"A decentralized network architecture where each computer can act as both a client and a server, sharing resources directly without a central server.",decentralized | act as client and server | 'peer | act | architecture | both | can | central | client | computer | decentralized | directly | each | network | p2p | peer' | resources | server | sharing | without,no central server | file sharing
Q61,Define 'Data Flow Diagram' (DFD).,"A graphical representation of the ""flow"" of data through an information system, modeling its process aspects.",flow of data | graphical representation | 'data | aspects | data | define | dfd | diagram' | flow | graphical | information | its | modeling | process | representation | system | through,process modeling | inputs outputs
Q62,What is a 'Context Diagram' (Level 0 DFD)?,"The highest level view of a system, showing the system as a single process and its interaction with external entities.",highest level | single process | 'context | dfd | diagram' | entities | external | highest | interaction | its | level | process | showing | single | system | view,external entities | boundaries
Q63,What represents a 'Data Store' in a DFD?,"A data store represents a repository where data is stored for later use, depicted by an open-ended rectangle.",repository | stored data | 'data | data | depicted | dfd | ended | later | open | rectangle | repository | represents | store | store' | stored | use,database | file
Q64,What is an 'External Entity' in Systems Analysis?,"A source or destination of data that is outside the boundaries of the system being studied (e.g., Customer, Supplier).",source or destination | outside boundaries | 'external | analysis | being | boundaries | customer | data | destination | entity' | outside | source | studied | supplier | system | systems,interacting system |user
Q65,What is a 'Candidate Key'?,"A candidate key is a column, or set of columns, in a table that can uniquely identify any database record without referring to any other data.",uniquely identify | database record | 'candidate | any | can | candidate | column | columns | data | database | identify | key | key' | other | record | referring | set | table | uniquely | without,potential primary key |minimal
Q66,What is a 'Composite Key'?,A primary key that consists of two or more columns/attributes to uniquely identify a record.,two or more columns | uniquely identify | 'composite | attributes | columns | consists | identify | key | key' | more | primary | record | two | uniquely,multiple attributes | primary key
Q67,Define 'Cardinality' in ER Diagrams.,"Cardinality defines the numerical attributes of the relationship between two entities (e.g., one-to-one, one-to-many).",numerical attributes | relationship | 'cardinality' | attributes | between | cardinality | define | defines | diagrams | entities | er | many | numerical | one | relationship | two,mapping | 1:1 1:N M:N
Q68,What is a 'One-to-Many' relationship?,"A relationship where a single record in Table A can be related to one or more records in Table B, but a record in Table B is related to only one record in Table A.",single record related to multiple | multiple related to one | 'one | but | can | many' | more | multiple | one | only | record | records | related | relationship | single | table,parent-child | most common
Q69,What is DDL (Data Definition Language)?,"A subset of SQL used to define the database structure or schema (e.g., CREATE, ALTER, DROP).",define database structure | schema | alter | create | data | database | ddl | define | definition | drop | language | schema | sql | structure | subset | used,CREATE | ALTER | DROP
Q70,What is DML (Data Manipulation Language)?,"A subset of SQL used for adding, retrieving, updating, and deleting data within the database (e.g., SELECT, INSERT).",managing data | adding retrieving updating | adding | data | database | deleting | dml | insert | language | managing | manipulation | retrieving | select | sql | subset | updating | used | within,INSERT | UPDATE | DELETE
Q71,What is '1NF' (First Normal Form)?,A property of a relation in a relational database where the table has no repeating groups and all attributes are atomic,no repeating groups | atomic attributes | '1nf' | all | atomic | attributes | database | first | form | groups | has | no | normal | property | relation | relational | repeating | table,unique rows | normalization
Q72,What is '2NF' (Second Normal Form)?,A relation is in 2NF if it is in 1NF and every non-primary key attribute is fully functionally dependent on the primary key (no partial dependency).,1NF | no partial dependency | '2nf' | 1nf | 2nf | attribute | dependency | dependent | every | form | fully | functionally | if | key | no | non | normal | partial | primary | relation | second,fully dependent | primary key
Q73,What is '3NF' (Third Normal Form)?,A relation is in 3NF if it is in 2NF and has no transitive dependencies (non-key attributes depend only on the primary key).,2NF | no transitive dependency | '3nf' | 2nf | 3nf | attributes | depend | dependencies | dependency | form | has | if | key | no | non | normal | only | primary | relation | third | transitive,non-key attributes | direct dependency
Q74,What is the 'Waterfall Model'?,"A linear sequential software development life cycle (SDLC) model where progress flows downwards through phases like requirements, design, implementation, and maintenance.",linear sequential | flows downwards | 'waterfall | cycle | design | development | downwards | flows | implementation | life | like | linear | maintenance | model | model' | phases | progress | requirements | sdlc | sequential | software | through,traditional | structured
Q75,What is 'Prototyping' in SDLC?,An iterative development technique where a preliminary version of the software is created to get user feedback before full development.,preliminary version | user feedback | 'prototyping' | before | created | development | feedback | full | get | iterative | preliminary | sdlc | software | technique | user | version,iterative | model
Q76,What is 'Phased Implementation'?,A deployment strategy where the new system is implemented in stages or modules across the organization rather than all at once.,stages | modules | 'phased | across | all | deployment | implementation' | implemented | modules | new | once | organization | rather | stages | strategy | system | than,gradual | risk reduction
Q77,What is 'Parallel Implementation'?,Running both the old and new systems simultaneously for a period to ensure the new system functions correctly before turning off the old one.,running simultaneously | old and new | 'parallel | before | both | correctly | ensure | functions | implementation' | new | off | old | one | period | running | simultaneously | system | systems | turning,risk reduction |  comparison
Q78,What is an HTML 'Attribute'?,"Additional information provided within the start tag of an HTML element to modify its behavior or presentation (e.g., src, href).",additional information | start tag | 'attribute' | additional | behavior | element | href | html | information | its | modify | presentation | provided | src | start | tag | within,modifier | properties
Q79,What does the <ul> tag create?,"It creates an unordered list, typically displayed with bullet points.",unordered list | bullet points | bullet | create | creates | displayed | does | list | points | tag | typically | ul | unordered,list items | li
Q80,What does the <ol> tag create?,"It creates an ordered list, typically displayed with numbers or letters.",ordered list | numbers | create | creates | displayed | does | letters | list | numbers | ol | ordered | tag | typically,sequence | li
Q81,What is 'Internal CSS'?,"CSS styles defined within the <style> element, inside the <head> section of an HTML page.",style element | head section | 'internal | css | css' | defined | element | head | html | inside | page | section | style | styles | within,single page | formatting
Q82,What is 'Inline CSS'?,CSS styles applied directly to an HTML element using the style attribute.,applied directly | style attribute | 'inline | applied | attribute | css | css' | directly | element | html | style | styles | using,specific element | priority
Q83,What is an 'Interpreter' in Python?,"A program that reads and executes Python code line by line, converting it into machine-readable bytecode on the fly.",executes line by line | reads code | 'interpreter' | bytecode | code | converting | executes | fly | line | machine | program | python | readable | reads,translation | script execution
Q84,What is the function of print() in Python?,It displays the specified message or value to the standard output device (screen).,displays message | output to screen | device | displays | function | message | output | print | python | screen | specified | standard | value,standard output | show data
Q85,What is the function of input() in Python?,"It allows the user to enter data from the keyboard, which is returned as a string.",enter data | keyboard | allows | data | enter | function | input | keyboard | python | returned | string | user,read input | returns string
Q86,What is a 'Float' data type in Python?,"A data type used to represent real numbers with a decimal point (e.g., 3.14, -0.01).",real numbers | decimal point | 'float' | 01 | 14 | data | decimal | numbers | point | python | real | represent | type | used,fractional | numeric
Q87,What represents a 'String' in Python?,"A sequence of characters enclosed in single (') or double ("") quotes.",sequence of characters | quotes | 'string' | characters | double | enclosed | python | quotes | represents | sequence | single,text |  literal
Q88,How do you create a comment in Python?,By using the hash symbol (#) at the beginning of the line or code block.,hash symbol | # | beginning | block | code | comment | create | do | hash | line | python | symbol | using | you,ignore | documentation
Q89,What is 'Indentation' in Python?,"Whitespace at the beginning of a line used to define the scope of loops, functions, and control structures (blocks of code).",whitespace | define scope | 'indentation' | beginning | blocks | code | control | define | functions | line | loops | python | scope | structures | used | whitespace,code block | formatting
Q90,What is an 'Assignment Operator' (=)?,"It is used to assign a value to a variable (e.g., x = 5).",assign value | variable | 'assignment | assign | operator' | used | value | variable,storage | definition
Q91,What does the if statement do?,It is a control flow statement that executes a block of code only if a specified condition is true.,executes block | condition is true | block | code | condition | control | do | does | executes | flow | if | only | specified | statement | true,decision making | conditional
Q92,What is the else statement?,A conditional statement that executes a block of code if the condition in the preceding if statement is false.,executes if false | preceding if | block | code | condition | conditional | else | executes | false | if | preceding | statement,alternative | fallback
Q93,What is elif in Python?,"Short for ""else if"", it allows you to check multiple expressions for TRUE and execute a block of code as soon as one of the conditions evaluates to TRUE.",else if | multiple expressions | allows | block | check | code | conditions | elif | else | evaluates | execute | expressions | if | multiple | one | python | short | soon | true | you,chaining conditions | logic
Q94,What does the and logical operator do?,It returns True only if both operands or conditions are True.,True if both True | logical conjunction | both | conditions | conjunction | do | does | if | logical | only | operands | operator | returns | true,boolean | condition
Q95,What does the or logical operator do?,It returns True if at least one of the operands or conditions is True.,True if at least one True | logical disjunction | conditions | disjunction | do | does | if | least | logical | one | operands | operator | returns | true,boolean | condition
Q96,What is a 'Variable' in programming?,A named storage location in memory used to hold a value that can be changed during program execution.,named storage | hold value | 'variable' | can | changed | during | execution | hold | location | memory | named | program | programming | storage | used | value,memory | identifier
Q97,What is 'Source Code'?,The human-readable instructions written by a programmer in a high-level programming language.,human-readable instructions | programmer written | 'source | code' | high | human | instructions | language | level | programmer | programming | readable | written,text file |  logic
Q98,What is 'Object Code'?,The machine-readable code (binary) produced by a compiler or assembler from source code.,machine-readable | binary | 'object | assembler | binary | code | code' | compiler | machine | produced | readable | source,executable | output
Q99,What is a 'Compiler'?,A program that translates the entire source code into machine code (object code) at once before execution.,translates entire code | at once | 'compiler' | before | code | entire | execution | machine | object | once | program | source | translates,translation |  optimization
Q100,What is 'Systems Software'?,"Software designed to provide a platform for other software, including operating systems and utility programs.",platform for other software | OS utilities | 'systems | designed | including | operating | os | other | platform | programs | provide | software | software' | systems | utilities | utility,hardware management | core
Q101,What is 'Application Software'?,"A program or group of programs designed for end-users to perform specific tasks (e.g., Word processors, Web browsers).",end-users | specific tasks | 'application | browsers | designed | end | group | perform | processors | program | programs | software' | specific | tasks | users | web | word,productivity | apps
Q102,What is the function of analogWrite() in Arduino?,"It writes an analog value (PWM wave) to a pin, typically used to fade an LED or control motor speed.",writes analog value | PWM wave | control speed | analog | analogwrite | arduino | control | fade | function | led | motor | pin | pwm | speed | typically | used | value | wave | writes,fade LED | output
Q103,What is Pulse Width Modulation (PWM)?,PWM is a technique for getting analog results with digital means by turning the digital output on and off very fast.,analog results with digital | turning on and off fast | analog | digital | fast | getting | means | modulation | off | output | pulse | pwm | results | technique | turning | very | width,duty cycle | signal modulation
Q104,Why is a resistor used with an LED in Arduino circuits?,To limit the current flowing through the LED so that it does not burn out.,limit current | prevent burn out | arduino | burn | circuits | current | does | flowing | led | limit | not | out | prevent | resistor | so | through | used,protection | voltage drop
Q105,What is the purpose of the delay() function in Arduino?,It pauses the program for the amount of time (in milliseconds) specified as a parameter.,pauses program | time in milliseconds | amount | arduino | delay | function | milliseconds | parameter | pauses | program | purpose | specified | time,wait | timing
Q106,What is the Serial.println() function used for?,It prints data to the serial port as human-readable ASCII text followed by a carriage return character (new line).,"prints data | new line, serial port | ascii | carriage | character | data | followed | function | human | line | new | port | println | prints | readable | return | serial | text | used",output  | debugging
Q107,Define 'Syntax Error' in programming.,An error in the source code of a program caused by violating the language's grammatical rules.,violating grammatical rules | source code error | 'syntax | caused | code | define | error | error' | grammatical | language's | program | programming | rules | source | violating,compile error |  structure
Q108,What is the purpose of the open() function in Python?,"It opens a file and returns a file object, which allows reading, writing, or appending to the file.",opens file | returns file object | allows | appending | file | function | object | open | opens | purpose | python | reading | returns | writing,file handling |  read write
Q109,"What does file mode ""r"" signify in Python?",It opens a file for reading only; this is the default mode.,read only | default mode | default | does | file | mode | only | opens | python | read | reading | signify,file handling | input
Q110,"What does file mode ""a"" signify in Python?",It opens a file for appending; data is written to the end of the file without overwriting existing content.,"appending, end of file | no overwriting | appending | content | data | does | end | existing | file | mode | no | opens | overwriting | python | signify | without | written",file handling | add data
Q111,What is the function of f.read() in Python?,It reads the entire content of the file (or a specified number of characters) and returns it as a string.,reads content | returns string | characters | content | entire | file | function | number | python | read | reads | returns | specified | string,file operation |  read all
Q112,What does the readline() method do?,It reads a single line from the file,reads single line | file | do | does | file | line | method | readline | reads | single,line by line |  iteration
Q113,How do you remove a file in Python?,You use the os.remove() function after importing the os module.,os.remove() | import os | after | do | file | function | import | importing | module | os | python | remove | use | you,delete file | file system
Q114,What is a 'Logic Gate'?,"A logic gate is an idealized or physical device implementing a Boolean function, performing a logical operation on one or more binary inputs.",Boolean function | logical operation | binary inputs | 'logic | binary | boolean | device | function | gate | gate' | idealized | implementing | inputs | logic | logical | more | one | operation | performing | physical,AND OR NOT |  digital circuit
Q115,State De Morgan's First Law.,The complement of the product of two variables is equal to the sum of their complements ((AB)' = A' + B').,complement of product | sum of complements | a' | ab | b' | complement | complements | de | equal | first | law | morgan's | product | state | sum | their | two | variables,boolean algebra |  NAND
Q116,State De Morgan's Second Law.,The complement of the sum of two variables is equal to the product of their complements ((A+B)' = A' . B').,complement of sum | product of complements | a' | b' | complement | complements | de | equal | law | morgan's | product | second | state | sum | their | two | variables,boolean algebra | NOR
Q117,What is a 'Half Adder'?,A digital circuit that adds two single binary digits and produces a sum and a carry.,adds two binary digits | sum and carry | 'half | adder' | adds | binary | carry | circuit | digital | digits | produces | single | sum | two,combinational logic | arithmetic
Q118,What is a 'Full Adder'?,A digital circuit that adds three binary digits (two significant bits and an input carry) to produce a sum and a carry.,adds three digits | input carry | sum carry | 'full | adder' | adds | binary | bits | carry | circuit | digital | digits | input | produce | significant | sum | three | two,arithmetic circuit | logic
Q119,What is 'Karnaugh Map' (K-Map)?,A graphical method used for simplifying Boolean algebra expressions,simplifying Boolean expressions | graphical method | 'karnaugh | algebra | boolean | expressions | graphical | map | map' | method | simplifying | used,minimization | logic design
Q120,What is 'ASCII'?,American Standard Code for Information Interchange; a character encoding standard for electronic communication,character encoding | standard | 'ascii' | american | character | code | communication | electronic | encoding | information | interchange | standard,text representation |  7-bit
Q121,What is 'BCD' (Binary Coded Decimal)?,"A class of binary encodings of decimal numbers where each decimal digit is represented by a fixed number of bits, usually four.",decimal digit | fixed number of bits | 'bcd' | binary | bits | class | coded | decimal | digit | each | encodings | fixed | four | number | numbers | represented | usually,4-bit |  encoding
Q122,What is 'Sign-Magnitude' representation?,A method for representing signed numbers where the most significant bit (MSB) is the sign bit and the remaining bits represent the magnitude.,sign bit | magnitude | 'sign | bit | bits | magnitude | magnitude' | method | most | msb | numbers | remaining | represent | representation | representing | sign | signed | significant,signed numbers |  binary
Q123,What is 'One's Complement'?,A method of representing negative binary numbers by inverting all the bits of the positive number.,inverting all bits | negative representation | 'one's | all | binary | bits | complement' | inverting | method | negative | number | numbers | positive | representation | representing,bitwise NOT |  binary arithmetic
Q124,What is 'Two's Complement'?,A method for representing signed integers where negative numbers are obtained by inverting bits and adding one to the least significant bit.,inverting bits adding one | signed integers | 'two's | adding | bit | bits | complement' | integers | inverting | least | method | negative | numbers | obtained | one | representing | signed | significant,negative numbers | subtraction
Q125,What is the 'Fetch-Execute Cycle'?,"The basic operation cycle of a computer where the CPU retrieves a program instruction from memory, determines what actions the instruction requires, and carries out those actions.",retrieves instruction | determines actions | carries out | 'fetch | actions | basic | carries | computer | cpu | cycle | cycle' | determines | execute | instruction | memory | operation | out | program | requires | retrieves | those,CPU cycle | instruction cycle
Q126,What is 'Clock Speed' in a CPU?,"The rate at which a processor executes instructions, typically measured in Hertz (Hz) or Gigahertz (GHz).",rate executes instructions | Hertz | 'clock | cpu | executes | ghz | gigahertz | hertz | hz | instructions | measured | processor | rate | speed' | typically,frequency |  performance
Q127,What is 'Cache Memory'?,"A small-sized type of volatile computer memory that provides high-speed data access to a processor and stores frequently used computer programs, applications, and data.",high-speed data access | stores frequently used data | 'cache | access | applications | computer | data | frequently | high | memory | memory' | processor | programs | provides | sized | small | speed | stores | type | used | volatile,CPU memory |  L1 L2 L3
Q128,Define 'Bandwidth' in networking.,"The maximum rate of data transfer across a given path, usually measured in bits per second.",maximum rate | data transfer | 'bandwidth' | across | bits | data | define | given | maximum | measured | networking | path | per | rate | second | transfer | usually,capacity |  speed
Q129,What is 'Throughput'?,The actual amount of data that is successfully moved from one place to another in a given time period.,actual data moved | given time | 'throughput' | actual | amount | another | data | given | moved | one | period | place | successfully | time,network performance | real speed
Q130,What is 'Latency' in a network?,The time it takes for a data packet to travel from its source to its destination.,time to travel | source to destination | 'latency' | data | destination | its | network | packet | source | takes | time | travel,delay | ping
Q131,What is 'Simplex' transmission?,"A communication mode where data flows in only one direction (e.g., Radio broadcasting).",one direction only | unidirectional | 'simplex' | broadcasting | communication | data | direction | flows | mode | one | only | radio | transmission | unidirectional,radio | tv
Q132,What is 'Half-Duplex' transmission?,"A communication mode where data can flow in both directions, but not simultaneously (e.g., Walkie-talkie).",both directions not simultaneously | walkie-talkie | 'half | both | but | can | communication | data | directions | duplex' | flow | mode | not | simultaneously | talkie | transmission | walkie,two-way | alternating
Q133,What is 'Full-Duplex' transmission?,"A communication mode where data can flow in both directions simultaneously (e.g., Telephone).",both directions simultaneously | telephone | 'full | both | can | communication | data | directions | duplex' | flow | mode | simultaneously | telephone | transmission,two-way | simultaneous
Q134,What is a 'MAC Address'?,A unique identifier assigned to a network interface controller (NIC) for use as a network address in communications within a network segment.,unique identifier | NIC | network address | 'mac | address | address' | assigned | communications | controller | identifier | interface | network | nic | segment | unique | use | within,physical address |  hardware ID
Q135,What is an 'IP Address'?,A numerical label assigned to each device connected to a computer network that uses the Internet Protocol for communication.,numerical label | network device | communication | 'ip | address' | assigned | communication | computer | connected | device | each | internet | label | network | numerical | protocol | uses,logical address |  IPv4
Q136,What is the function of a 'Router'?,A networking device that forwards data packets between computer networks.,forwards packets | between networks | 'router' | between | computer | data | device | forwards | function | networking | networks | packets,gateway |  path determination
Q137,What is the function of a 'Switch'?,A networking device that connects devices within a network (LAN) and uses MAC addresses to forward data to the correct destination.,connects devices | LAN | uses MAC addresses | 'switch' | addresses | connects | correct | data | destination | device | devices | forward | function | lan | mac | network | networking | uses | within,packet switching | filtering
Q138,What is 'Structured Query Language' (SQL)?,"A standard language for storing, manipulating, and retrieving data in databases.",standard language | databases | 'structured | data | databases | language | language' | manipulating | query | retrieving | sql | standard | storing,query | CRUD
Q139,What is the CREATE TABLE command used for?,It is used to create a new table in a database.,create new table | database | command | create | database | new | table | used,DDL |  schema
Q140,What does the DROP TABLE command do?,It deletes an existing table and all its data from the database.,deletes table | removes data | all | command | data | database | deletes | do | does | drop | existing | its | removes | table,DDL |  delete structure
Q141,What is the ALTER TABLE command used for?,"It is used to add, delete, or modify columns in an existing table.",modify columns | existing table | add | alter | columns | command | delete | existing | modify | table | used,DDL |  change structure
Q142,What is a 'Candidate Key'?,"A column, or set of columns, in a table that can uniquely identify any database record without referring to any other data.",uniquely identify | minimal set | 'candidate | any | can | column | columns | data | database | identify | key' | minimal | other | record | referring | set | table | uniquely | without,potential primary key |  unique
Q143,What is 'Referential Integrity'?,"A property of data stating that all of its references are valid; essentially, a foreign key value must match a primary key value in the parent table.",valid references | foreign key matches primary | 'referential | all | data | essentially | foreign | integrity' | its | key | match | matches | must | parent | primary | property | references | stating | table | valid | value,consistency |  database constraint
Q144,What is 'Normalization' in databases?,The process of organizing data in a database to reduce redundancy and improve data integrity.,organizing data | reduce redundancy | 'normalization' | data | database | databases | improve | integrity | organizing | process | reduce | redundancy,1NF 2NF 3NF|  design
Q145,What is the 'Waterfall Model' in SDLC?,"A sequential design process where progress is seen as flowing steadily downwards through phases like Requirements, Analysis, Design, Implementation, and Maintenance.",sequential process | flowing downwards | 'waterfall | analysis | design | downwards | flowing | implementation | like | maintenance | model' | phases | process | progress | requirements | sdlc | seen | sequential | steadily | through,SDLC | linear
Q146,What is the 'Spiral Model'?,A risk-driven software development process model that combines elements of both design and prototyping in stages.,risk-driven | combines design prototyping | 'spiral | both | combines | design | development | driven | elements | model | model' | process | prototyping | risk | software | stages,iterative | large projects
Q147,What is 'Black Box Testing'?,A method of software testing that examines the functionality of an application without peering into its internal structures or workings,examines functionality | internal structure unknown | 'black | application | box | examines | functionality | internal | its | method | peering | software | structure | structures | testing | testing' | unknown | without | workings,input output |  functional testing
Q148,What is 'White Box Testing'?,"A testing method that tests internal structures or workings of an application, as opposed to its functionality.",tests internal structures | workings known | 'white | application | box | functionality | internal | its | known | method | opposed | structures | testing | testing' | tests | workings,structural testing | code logic
Q149,What is 'Unit Testing'?,A level of software testing where individual units/components of a software are tested.,individual units | components tested | 'unit | components | individual | level | software | tested | testing | testing' | units,smallest part | developer test
Q150,What is 'System Testing'?,"Testing conducted on a complete, integrated system to evaluate the system's compliance with its specified requirements",complete integrated system | compliance requirements | 'system | complete | compliance | conducted | evaluate | integrated | its | requirements | specified | system | system's | testing | testing',end-to-end | verification
Q151,What is 'Acceptance Testing'?,"Formal testing with respect to user needs, requirements, and business processes conducted to determine whether or not a system satisfies the acceptance criteria.",user needs | satisfies criteria | 'acceptance | acceptance | business | conducted | criteria | determine | formal | needs | not | processes | requirements | respect | satisfies | system | testing | testing' | user | whether,UAT | final testing
Q152,What is the function of the 'Program Counter' (PC)?,It holds the memory address of the next instruction to be fetched and executed by the CPU.,holds memory address | next instruction | 'program | address | counter' | cpu | executed | fetched | function | holds | instruction | memory | next | pc,register | CPU
Q153,What is the 'Accumulator' in a CPU?,It is a register in the ALU that holds intermediate arithmetic and logic results during processing.,register | holds intermediate results | 'accumulator' | alu | arithmetic | cpu | during | holds | intermediate | logic | processing | register | results,ALU | storage
Q154,What is the 'Instruction Register' (IR)?,It is a register that holds the current instruction being executed or decoded.,holds current instruction | being executed | 'instruction | being | current | decoded | executed | holds | instruction | ir | register | register',register | decoding
Q155,What is the function of the 'Memory Address Register' (MAR)?,It holds the address of the memory location where data is to be read from or written to,holds address | memory location | 'memory | address | data | function | holds | location | mar | memory | read | register' | written,read write |  CPU
Q156,What is the 'Memory Data Register' (MDR)?,It holds the data being transferred to or from the memory (RAM).,holds data | transferred to/from memory | 'memory | being | data | holds | mdr | memory | ram | register' | transferred,buffer |  storage
Q157,Define 'System Bus'.,"A system bus is a single computer bus that connects the major components of a computer system, combining the functions of a data, address, and control bus.",connects major components | combines buses | 'system | address | bus | bus' | buses | combines | combining | components | computer | connects | control | data | define | functions | major | single | system,communication |  pathway
Q158,What is the 'Data Bus'?,"A bidirectional bus used to transfer actual data between the CPU, memory, and I/O devices.",transfer actual data | bidirectional | 'data | actual | between | bidirectional | bus | bus' | cpu | data | devices | memory | transfer | used,CPU memory I/O |  path
Q159,What is the 'Address Bus'?,A unidirectional bus used by the CPU to specify the physical address of the memory location it wants to access.,specify physical address | unidirectional | 'address | access | address | bus | bus' | cpu | location | memory | physical | specify | unidirectional | used | wants,memory location |  CPU
Q160,What is the 'Control Bus'?,"A bus used by the CPU to communicate with other devices by transmitting control signals (e.g., read/write).",transmit control signals | communicate | 'control | bus | bus' | communicate | control | cpu | devices | other | read | signals | transmit | transmitting | used | write,read write |  timing
Q161,What is 'SRAM' (Static RAM)?,A type of volatile memory that uses flip-flops to hold data and is faster but more expensive than DRAM; often used for Cache.,volatile | flip-flops | faster | 'sram' | but | cache | data | dram | expensive | faster | flip | flops | hold | memory | more | often | ram | static | than | type | used | uses | volatile,cache memory |  expensive
Q162,What is 'DRAM' (Dynamic RAM)?,A type of volatile memory that uses capacitors to store data and requires periodic refreshing; used for main system memory.,volatile | capacitors | periodic refreshing | 'dram' | capacitors | data | dynamic | main | memory | periodic | ram | refreshing | requires | store | system | type | used | uses | volatile,main memory | cheaper
Q163,What is 'ROM' (Read-Only Memory)?,Non-volatile memory that stores permanent data or instructions (firmware) required to boot the computer.,non-volatile | permanent data | boot instructions | 'rom' | boot | computer | data | firmware | instructions | memory | non | only | permanent | read | required | stores | volatile,firmware | BIOS
Q164,What is 'BIOS' (Basic Input/Output System)?,Firmware stored on a ROM chip that initializes and tests hardware during the boot process (POST).,firmware | initializes hardware | boot process | 'bios' | basic | boot | chip | during | firmware | hardware | initializes | input | output | post | process | rom | stored | system | tests,POST |  ROM
Q165,What is 'CMOS' memory?,"A small amount of memory on a computer motherboard that stores the BIOS settings (time, date, hardware info), powered by a battery.",stores BIOS settings | powered by battery | 'cmos' | amount | battery | bios | computer | date | hardware | info | memory | motherboard | powered | settings | small | stores | time,time date |  configuration
Q166,Define 'Access Time' in memory.,The time interval between the request for data and the delivery of data from the memory.,time interval | request to delivery | 'access | between | data | define | delivery | interval | memory | request | time | time',speed |  latency
Q167,What is 'Seek Time' in hard disks?,The time taken for the read/write head to move to the specific track on the disk.,time taken | head move to track | 'seek | disk | disks | hard | head | move | read | specific | taken | time | time' | track | write,disk performance |  latency
Q168,What is 'Rotational Latency'?,The time waiting for the disk sector to rotate under the read/write head.,The time waiting for the disk sector to rotate under the read/write head. | 'rotational | disk | head | latency' | read | rotate | sector | time | under | waiting | write,disk delay |  milliseconds
Q169,What is 'Flash Memory'?,"A type of non-volatile electronic storage media that can be electrically erased and reprogrammed (e.g., USB drives, SSDs).",non-volatile | electrically erased reprogrammed | 'flash | can | drives | electrically | electronic | erased | media | memory' | non | reprogrammed | ssds | storage | type | usb | volatile,SSD |  USB
Q170,What is an 'Interrupt' in OS?,A signal to the processor emitted by hardware or software indicating an event that needs immediate attention.,signal to processor | immediate attention | 'interrupt' | attention | emitted | event | hardware | immediate | indicating | needs | os | processor | signal | software,hardware software|  handler
Q171,What is 'Polling'?,A process where the CPU steadily checks whether a device needs attention or has changed state.,CPU checks | device needs attention | 'polling' | attention | changed | checks | cpu | device | has | needs | process | state | steadily | whether,active waiting | method
Q172,What is 'Deadlock' in an Operating System?,A situation where a set of processes are blocked because each process is holding a resource and waiting for another resource held by some other process.,processes blocked | holding waiting resources | 'deadlock' | another | because | blocked | each | held | holding | operating | other | process | processes | resource | resources | set | situation | some | system | waiting,freezing | circular wait
Q173,What is 'Starvation' in OS?,A problem where a process is perpetually denied necessary resources to process its work.,perpetually denied resources | process blocked | 'starvation' | blocked | denied | its | necessary | os | perpetually | problem | process | resources | work,scheduling |  priority
Q174,What is a 'GUI' (Graphical User Interface)?,An interface that allows users to interact with electronic devices through graphical icons and visual indicators.,interact through icons | visual indicators | 'gui' | allows | devices | electronic | graphical | icons | indicators | interact | interface | through | user | users | visual,user-friendly | mouse
Q175,What is a 'CLI' (Command Line Interface)?,An interface that processes commands to a computer program in the form of lines of text.,processes commands | text lines | 'cli' | command | commands | computer | form | interface | line | lines | processes | program | text,terminal |  command prompt
Q176,What is 'Open Source Software'?,"Software with source code that anyone can inspect, modify, and enhance (e.g., Linux).",source code available | inspect modify | 'open | anyone | available | can | code | enhance | inspect | linux | modify | software | software' | source,free |  community
Q177,What is 'Proprietary Software'?,"Software that is owned by an individual or a company, usually with restrictions on its use and source code kept secret (e.g., Windows).",owned by company | restrictions | source code secret | 'proprietary | code | company | individual | its | kept | owned | restrictions | secret | software | software' | source | use | usually | windows,closed source|  commercial
Q178,What is 'Malware'?,"Malicious software designed to cause damage to a computer, server, client, or computer network.",malicious software | cause damage | 'malware' | cause | client | computer | damage | designed | malicious | network | server | software,virus |  harmful
Q179,What is a 'Computer Virus'?,"A type of malware that, when executed, replicates itself by modifying other computer programs and inserting its own code.",replicates itself | modifies programs | 'computer | code | computer | executed | inserting | its | itself | malware | modifies | modifying | other | own | programs | replicates | type | virus',malware|  infection
Q180,What is a 'Trojan Horse'?,"Malware that misleads users of its true intent, often disguising itself as legitimate software.",misleads users | disguises as legitimate | 'trojan | disguises | disguising | horse' | intent | its | itself | legitimate | malware | misleads | often | software | true | users,malware | backdoor
Q181,What is 'Spyware'?,Software that aims to gather information about a person or organization without their knowledge.,gather information | without knowledge | 'spyware' | about | aims | gather | information | knowledge | organization | person | software | their | without,malware | tracking
Q182,What is 'Ransomware'?,A type of malware that threatens to publish the victim's data or perpetually block access to it unless a ransom is paid.,threatens to block access | ransom paid | 'ransomware' | access | block | data | malware | paid | perpetually | publish | ransom | threatens | type | unless | victim's,encryption |  extortion
Q183,What is a 'Logic Gate'?,"A physical electronic device implementing a Boolean function, performing a logical operation on one or more binary inputs.",Boolean function | logical operation | 'logic | binary | boolean | device | electronic | function | gate' | implementing | inputs | logical | more | one | operation | performing | physical,digital circuit |  building block
Q184,What is a 'NAND' Gate?,A logic gate that produces a LOW output (0) only if all the inputs are HIGH (1); it is a universal gate.,LOW if all HIGH | universal gate | 'nand' | all | gate | high | if | inputs | logic | low | only | output | produces | universal,opposite of AND |  digital
Q185,What is a 'NOR' Gate?,A logic gate that produces a HIGH output (1) only if all the inputs are LOW (0).,HIGH if all LOW | universal gate | 'nor' | all | gate | high | if | inputs | logic | low | only | output | produces | universal,opposite of OR |  digital
Q186,What is a 'XOR' (Exclusive OR) Gate?,A digital logic gate that gives a true (1) output when the number of true inputs is odd (or typically when inputs are different).,1 when inputs different | exclusive | 'xor' | different | digital | exclusive | gate | gives | inputs | logic | number | odd | output | true | typically,parity |  addition
Q187,What is a 'Combinational Circuit'?,"A digital logic circuit where the output depends only on the present combination of input variables (e.g., Adder).",output depends on inputs | no memory | 'combinational | adder | circuit | circuit' | combination | depends | digital | input | inputs | logic | memory | no | only | output | present | variables,adder | decoder
Q188,What is a 'Sequential Circuit'?,A logical circuit where the output depends on the present value of the input signals as well as the sequence of past inputs (has memory).,output depends on past inputs | has memory | 'sequential | circuit | circuit' | depends | has | input | inputs | logical | memory | output | past | present | sequence | signals | value | well,flip-flop | counter
Q189,What is a 'Half Adder'?,A combinational circuit that adds two single binary digits and produces a sum and a carry bit.,adds two bits | sum and carry | 'half | adder' | adds | binary | bit | bits | carry | circuit | combinational | digits | produces | single | sum | two,combinational |  arithmetic
Q190,What is a 'Full Adder'?,A combinational circuit that adds three bits (two inputs and a carry-in) and outputs a sum and a carry-out.,adds three bits | sum and carry-out | 'full | adder' | adds | bits | carry | circuit | combinational | inputs | out | outputs | sum | three | two,arithmetic | cascading
Q191,What is a 'Flip-Flop'?,A circuit that has two stable states and can be used to store state information (a single bit).,two stable states | store bit | 'flip | bit | can | circuit | flop' | has | information | single | stable | state | states | store | two | used,sequential |  memory
Q192,What is 'Octal Number System'?,A base-8 number system that uses digits from 0 to 7.,base-8 | digits 0-7 | 'octal | base | digits | number | system | system' | uses,number system | representation
Q193,What is 'Hexadecimal Number System'?,A base-16 number system that uses digits 0-9 and letters A-F.,base-16 | 0-9 A-F | 'hexadecimal | 16 | base | digits | letters | number | system | system' | uses,representation | memory addresses
Q194,What is the 'MSB' (Most Significant Bit)?,The bit in a multiple-bit binary number with the largest value (left-most bit),largest value | left-most bit | 'msb' | binary | bit | largest | left | most | multiple | number | significant | value,binary |  position
Q195,What is the 'LSB' (Least Significant Bit)?,The bit in a multiple-bit binary number with the smallest value (right-most bit).,smallest value | right-most bit | 'lsb' | binary | bit | least | most | multiple | number | right | significant | smallest | value,binary |  position
Q196,What is 'Parity Bit'?,A bit added to a string of binary code to ensure that the total number of 1-bits in the string is even or odd (error detection).,added bit | error detection | even or odd | 'parity | added | binary | bit | bit' | bits | code | detection | ensure | error | even | number | odd | string | total,check bit |  transmission
Q197,What is 'Sign and Magnitude' representation?,"A method where the most significant bit represents the sign (0 for +, 1 for -) and the remaining bits represent the magnitude.",sign bit | magnitude | 'sign | bit | bits | magnitude | magnitude' | method | most | remaining | represent | representation | represents | sign | significant,binary representation |  integers
Q198,What is 'One's Complement'?,A method to represent negative numbers by inverting all the bits of the positive number.,inverting all bits | negative numbers | 'one's | all | bits | complement' | inverting | method | negative | number | numbers | positive | represent,binary |  arithmetic
Q199,What is 'Two's Complement'?,"A mathematical operation to represent signed integers, formed by taking the one's complement and adding 1 to the LSB.",one's complement plus 1 | signed integers | 'two's | adding | complement | complement' | formed | integers | lsb | mathematical | one's | operation | plus | represent | signed | taking,standard | arithmetic
Q200,What is 'ASCII'?,American Standard Code for Information Interchange; a character encoding standard for text.,character encoding | text standard | 'ascii' | american | character | code | encoding | information | interchange | standard | text,7-bit |  representation
Q201,What is 'Unicode'?,"An international encoding standard for use with different languages and scripts, by which each letter, digit, or symbol is assigned a unique numeric value.",international standard | different languages | unique value | 'unicode' | assigned | different | digit | each | encoding | international | languages | letter | numeric | scripts | standard | symbol | unique | use | value,UTF-8 |  text encoding
Q202,What is 'Circuit Switching'?,A method of implementing a telecommunications network in which two network nodes establish a dedicated communications channel (circuit) through the network before the nodes may communicate.,dedicated communications channel | before communicate | 'circuit | before | channel | circuit | communicate | communications | dedicated | establish | implementing | may | method | network | nodes | switching' | telecommunications | through | two,telephone network | physical path
Q203,Difference between 'Guided' and 'Unguided' media.,"Guided media uses a physical path (cables) to transmit signals, whereas unguided media transmits signals through the air (wireless).",Guided media uses a physical path (cables) to transmit signals | whereas unguided media transmits signals through the air (wireless). | 'guided' | 'unguided' | air | between | cables | difference | guided | media | path | physical | signals | through | transmit | transmits | unguided | uses | whereas | wireless,cables | radio waves
Q204,What is 'Fiber Optic' transmission?,It allows digital data transmission over long distances and at higher data rates than electronic systems by using pulses of light through glass threads.,pulses of light | glass threads | long distances | 'fiber | allows | data | digital | distances | electronic | glass | higher | light | long | optic' | over | pulses | rates | systems | than | threads | through | transmission | using,total internal reflection |  high speed
Q205,What is the function of a 'Modem'?,A modem (Modulator-Demodulator) converts digital signals from a computer into analog signals for transmission over telephone lines and vice versa,converts digital to analog | analog to digital | 'modem' | analog | computer | converts | demodulator | digital | function | lines | modem | modulator | over | signals | telephone | transmission | versa | vice,modulation | demodulation
Q206,What is 'IP Addressing'?,"A logical addressing scheme used to identify devices on a network, allowing them to communicate with each other (e.g., 192.168.1.1).",logical addressing | identify devices | 'ip | 168 | 192 | addressing | addressing' | allowing | communicate | devices | each | identify | logical | network | other | scheme | them | used,IPv4 |  IPv6
Q207,What is 'Subnetting'?,The practice of dividing a single physical network into two or more smaller logical sub-networks (subnets) to improve efficiency and security.,dividing network | smaller logical sub-networks | 'subnetting' | dividing | efficiency | improve | logical | more | network | networks | physical | practice | security | single | smaller | sub | subnets | two,efficiency |  security
Q208,Define 'Network Protocol'.,A set of rules and conventions that define how data is transmitted and received over a network,set of rules | data transmission | 'network | conventions | data | define | network | over | protocol' | received | rules | set | transmission | transmitted,communication  |  standards
Q209,What is the 'Application Layer' in the OSI model?,"The topmost layer that provides network services directly to end-users and applications (e.g., HTTP, FTP, SMTP).",provides network services | end-users | 'application | applications | directly | end | ftp | http | layer | layer' | model | network | osi | provides | services | smtp | topmost | users,layer 7 |  interface
Q210,What is the 'Presentation Layer' in the OSI model?,It ensures that data is in a usable format and is where data encryption and decryption occur.,usable format | encryption decryption | 'presentation | data | decryption | encryption | ensures | format | layer' | model | occur | osi | usable,translation | layer 6
Q211,What is the 'Session Layer' in the OSI model?,"It manages the establishment, maintenance, and termination of connections (sessions) between applications.",establishment maintenance termination | sessions | 'session | applications | between | connections | establishment | layer' | maintenance | manages | model | osi | sessions | termination,dialogue control |  layer 5
Q212,What is the 'Transport Layer' in the OSI model?,"It ensures reliable data transfer, flow control, and error correction (e.g., TCP, UDP).",reliable data transfer | flow control | 'transport | control | correction | data | ensures | error | flow | layer' | model | osi | reliable | tcp | transfer | udp,error correction |  layer 4
Q213,What is a 'Derived Attribute' in an ER Diagram?,"An attribute whose value is calculated from other attributes and is not physically stored in the database (e.g., Age derived from Date of Birth).",calculated from other attributes | not stored | 'derived | age | attribute | attribute' | attributes | birth | calculated | database | date | derived | diagram | er | not | other | physically | stored | value | whose,dashed oval |  computation
Q214,What is a 'Multivalued Attribute'?,"An attribute that can hold multiple values for a single entity instance (e.g., Phone Numbers).",multiple values | single entity | 'multivalued | attribute | attribute' | can | entity | hold | instance | multiple | numbers | phone | single | values,double oval |  list
Q215,What is a 'Composite Attribute'?,"An attribute that can be subdivided into smaller sub-parts (e.g., Address into Street, City, Zip).",subdivided | smaller sub-parts | 'composite | address | attribute | attribute' | can | city | parts | smaller | street | sub | subdivided | zip,hierarchy |  structure
Q216,What is 'SQL Injection'?,A code injection technique used to attack data-driven applications by inserting malicious SQL statements into entry fields.,code injection | malicious SQL statements | 'sql | applications | attack | code | data | driven | entry | fields | injection | injection' | inserting | malicious | sql | statements | technique | used,security vulnerability | hacking
Q217,What is the 'HAVING' clause in SQL?,It is used to filter records that work on summarized GROUP BY results (similar to WHERE but for groups).,filter records | summarized results | GROUP BY | 'having' | but | clause | filter | group | groups | records | results | similar | sql | summarized | used | work,condition | aggregate functions
Q218,What is the 'DISTINCT' keyword in SQL?,"It is used to return only distinct (different) values in a result set, eliminating duplicates.",return distinct values | eliminate duplicates | 'distinct' | different | distinct | duplicates | eliminate | eliminating | keyword | only | result | return | set | sql | used | values,unique  | query
Q219,What is 'Referential Integrity'?,A database concept ensuring that relationships between tables remain consistent; a foreign key value must match a primary key in the parent table.,relationships consistent | foreign key match primary key | 'referential | between | concept | consistent | database | ensuring | foreign | integrity' | key | match | must | parent | primary | relationships | remain | table | tables | value,constraint |  consistency
Q220,What is 'SDLC' (Systems Development Life Cycle)?,"A process for planning, creating, testing, and deploying an information system.",planning creating testing deploying | information system | 'sdlc' | creating | cycle | deploying | development | information | life | planning | process | system | systems | testing,software development |  phases
Q221,What is 'Requirement Gathering' in SDLC?,The phase where the needs of stakeholders are identified and documented to determine what the system should do.,needs of stakeholders | identified documented | 'requirement | determine | do | documented | gathering' | identified | needs | phase | sdlc | should | stakeholders | system,functional requirements |  interviews
Q222,What is 'Feasibility Study'?,"An analysis used to determine the viability of an idea, ensuring a project is legally, technically, and economically justifiable.",determine viability | justifiable | 'feasibility | analysis | determine | economically | ensuring | idea | justifiable | legally | project | study' | technically | used | viability,TELOS | analysis
Q223,What is 'Technical Feasibility'?,Assessment of whether the organization has the technology and resources to build the system.,technology resources | build system | 'technical | assessment | build | feasibility' | has | organization | resources | system | technology | whether,hardware software |  capability
Q224,What is 'Economic Feasibility'?,Assessment of the cost-effectiveness of the project (Cost-Benefit Analysis).,cost-effectiveness | cost-benefit analysis | 'economic | analysis | assessment | benefit | cost | effectiveness | feasibility' | project,ROI |  budget
Q225,What is 'Operational Feasibility'?,Assessment of how well the proposed system solves the problems and fits into the organization's operations.,solves problems | fits operations | 'operational | assessment | feasibility' | fits | operations | organization's | problems | proposed | solves | system | well,user acceptance |  workflow
Q226,What is a 'Use Case Diagram'?,A UML diagram that describes the dynamic behavior of a system by showing interactions between actors and the system.,dynamic behavior | actors and system | 'use | actors | behavior | between | case | describes | diagram | diagram' | dynamic | interactions | showing | system | uml,functional requirements | UML
Q227,What is an 'Actor' in a Use Case Diagram?,An entity (user or other system) that interacts with the system being modeled.,entity | interacts with system | 'actor' | being | case | diagram | entity | interacts | modeled | other | system | use | user,user |  external system
Q228,What is a 'Sequence Diagram'?,A UML diagram that shows how objects interact with each other in a specific time sequence.,objects interact | time sequence | 'sequence | diagram | diagram' | each | interact | objects | other | sequence | shows | specific | time | uml,dynamic modeling | messages
Q229,What is a 'Class Diagram'?,"A static structure diagram that describes the structure of a system by showing the system's classes, their attributes, operations, and relationships.",structure of system | classes attributes relationships | 'class | attributes | classes | describes | diagram | diagram' | operations | relationships | showing | static | structure | system | system's | their,static modeling |  UML
Q230,What is 'Prototyping'?,Creating an early sample or model of a product to test a concept or process,early sample | test concept | 'prototyping' | concept | creating | early | model | process | product | sample | test,iterative |  feedback
Q231,What is 'Maintenance' in SDLC?,"The final phase involving correcting errors, improving performance, and adapting the software to a changed environment.",correcting errors | improving performance | 'maintenance' | adapting | changed | correcting | environment | errors | final | improving | involving | performance | phase | sdlc | software,updates |  support
Q232,What is 'Unit Testing'?,Testing individual components or modules of a software application to validate that each unit performs as designed.,individual components | validate unit | 'unit | application | components | designed | each | individual | modules | performs | software | testing | testing' | unit | validate,isolated |  developer test
Q233,What is 'Integration Testing'?,Testing where individual units are combined and tested as a group to expose faults in the interaction between integrated units.,combined tested as group | interaction faults | 'integration | between | combined | expose | faults | group | individual | integrated | interaction | tested | testing | testing' | units,interface |  combined
Q234,What is 'System Testing'?,Testing the complete and integrated software product to verify that it meets specified requirements.,complete integrated product | meets requirements | 'system | complete | integrated | meets | product | requirements | software | specified | testing | testing' | verify,end-to-end | validation
Q235,What is 'User Acceptance Testing' (UAT)?,The final phase of testing where the end-user verifies that the system works for the real-world business scenarios.,end-user verifies | business scenarios | 'user | acceptance | business | end | final | phase | real | scenarios | system | testing | testing' | uat | user | verifies | works | world,final testing |  sign-off
Q236,What is 'Pseudocode'?,An informal high-level description of the operating principle of a computer program or other algorithm.,informal high-level description | algorithm | 'pseudocode' | algorithm | computer | description | high | informal | level | operating | other | principle | program,readable | planning
Q237,What is a 'Logic Error' in programming?,"A bug in a program that causes it to operate incorrectly, but not to terminate abnormally (producing wrong output).",operate incorrectly | wrong output | 'logic | abnormally | bug | but | causes | error' | incorrectly | not | operate | output | producing | program | programming | terminate | wrong,bug |  algorithm flaw
Q238,What is a 'Runtime Error'?,"An error that occurs while the program is running, often causing it to crash (e.g., division by zero).",occurs while running | crash | 'runtime | causing | crash | division | error | error' | occurs | often | program | running | while | zero,exception | execution
Q239,What is 'Variable Scope'?,"The region of the code where a variable is visible and accessible (e.g., Local vs Global).",region visible accessible | local global | 'variable | accessible | code | global | local | region | scope' | variable | visible | vs,access |  lifetime
Q240,What is 'Type Casting'?,"The process of converting a value from one data type to another (e.g., Integer to String).",converting value | one type to another | 'type | another | casting' | converting | data | integer | one | process | string | type | value,conversion |  formatting
Q241,What is a 'Function Parameter'?,A variable used in a function to refer to one of the pieces of data provided as input to the function.,variable in function | input data | 'function | data | function | input | one | parameter' | pieces | provided | refer | used | variable,argument|  passing
Q242,What is 'Recursion'?,A programming technique where a function calls itself in order to solve a problem.,function calls itself | solve problem | 'recursion' | calls | function | itself | order | problem | programming | solve | technique,loop alternative |  base case
Q243,What is 'Modular Programming'?,"A software design technique that emphasizes separating the functionality of a program into independent, interchangeable modules.",separating functionality | independent modules | 'modular | design | emphasizes | functionality | independent | interchangeable | modules | program | programming' | separating | software | technique,functions |  organization
Q244,What is 'Boolean Algebra'?,"A branch of algebra in which the values of the variables are the truth values true and false, usually denoted 1 and 0.",truth values | 1 and 0 | 'boolean | algebra | algebra' | branch | denoted | false | true | truth | usually | values | variables,logic circuits |  binary
Q245,What is a 'Truth Table'?,A table used in logic to compute the functional values of logical expressions on each of their functional arguments.,compute functional values | logical expressions | 'truth | arguments | compute | each | expressions | functional | logic | logical | table | table' | their | used | values,input output |  logic gates
Q246,What is 'De Morgans Law'?,"Rules in Boolean algebra that state the relationship between AND and OR operations (e.g., NAND is equivalent to OR with inverted inputs).",relationship AND OR | inverted inputs | 'de | algebra | between | boolean | equivalent | inputs | inverted | law' | morgan | nand | operations | relationship | rules | state,logic simplification |  theorems
Q247,What is a 'Karnaugh Map' (K-Map)?,A method to simplify Boolean algebra expressions by organizing truth table values into a grid.,simplify Boolean expressions | grid | 'karnaugh | algebra | boolean | expressions | grid | map | map' | method | organizing | simplify | table | truth | values,"optimization, | logic design"
Q248,What is a 'Half Adder'?,A combinational logic circuit that adds two single-bit numbers and produces a sum and a carry.,adds two bits | sum and carry | 'half | adder' | adds | bit | bits | carry | circuit | combinational | logic | numbers | produces | single | sum | two,arithmetic |  circuit
Q249,What is a 'Full Adder'?,A logic circuit that adds three bits (two significant bits and a carry bit) and outputs a sum and a carry.,adds three bits | sum and carry | 'full | adder' | adds | bit | bits | carry | circuit | logic | outputs | significant | sum | three | two,arithmetic |  cascading
Q250,What is a 'Flip-Flop'?,A sequential logic circuit that can store one bit of data and has two stable states.,store one bit | two stable states | 'flip | bit | can | circuit | data | flop' | has | logic | one | sequential | stable | states | store | two,memory | latch
